type,name,count,subsampled,annotation,category,primary exclusion reason,secondary exclusion reason,comments
battle_rope,stu1_0.mp4,4,no,no,train,,,
battle_rope,stu1_1.mp4,23,no,no,train,,,
bench_pressing,stu1_10.mp4,3,yes,yes,train,,,
bench_pressing,stu1_11.mp4,12,yes,yes,train,,,
bench_pressing,stu1_12.mp4,8,no,no,train,,,
bench_pressing,stu1_13.mp4,34,no,no,train,,,
front_raise,stu1_14.mp4,3,no,no,train,10,,
front_raise,stu1_15.mp4,1,no,no,train,10,,
front_raise,stu1_16.mp4,3,no,no,train,10,,
front_raise,stu1_17.mp4,6,no,no,valid,10,,
front_raise,stu1_18.mp4,9,no,no,train,10,,
front_raise,stu1_19.mp4,3,no,no,valid,10,,
bench_pressing,stu1_2.mp4,7,no,no,train,,,
front_raise,stu1_20.mp4,3,no,no,train,10,,
front_raise,stu1_21.mp4,4,no,no,train,10,,
jump_jack,stu1_22.mp4,9,yes,yes,train,,,
jump_jack,stu1_23.mp4,32,yes,no,train,2,,
jump_jack,stu1_24.mp4,68,no,no,train,,,
jump_jack,stu1_25.mp4,43,yes,no,train,,,
jump_jack,stu1_26.mp4,4,no,no,valid,2,3,
jump_jack,stu1_27.mp4,7,yes,yes,test,,,
others,stu1_28.mp4,11,no,no,train,,,
others,stu1_29.mp4,22,no,no,train,,,
bench_pressing,stu1_3.mp4,4,yes,no,train,,,
pull_up,stu1_30.mp4,2,yes,yes,test,,,
pull_up,stu1_31.mp4,32,no,no,train,,,
pull_up,stu1_32.mp4,8,yes,no,train,,,
pull_up,stu1_33.mp4,28,no,no,train,,,
pull_up,stu1_34.mp4,13,no,no,valid,7,4,
pull_up,stu1_35.mp4,35,no,no,train,,,
pull_up,stu1_36.mp4,9,yes,yes,test,,,
pull_up,stu1_37.mp4,18,yes,yes,valid,,,
pull_up,stu1_38.mp4,19,no,no,valid,7,,
pull_up,stu1_39.mp4,6,no,no,valid,2,,
bench_pressing,stu1_4.mp4,3,no,no,train,,,
pull_up,stu1_40.mp4,8,yes,yes,test,,,
pull_up,stu1_41.mp4,12,no,no,train,,,
pull_up,stu1_42.mp4,10,yes,no,train,,,
push_up,stu1_43.mp4,9,yes,yes,train,,,
push_up,stu1_44.mp4,6,no,no,train,,,
push_up,stu1_45.mp4,6,yes,yes,train,,,
push_up,stu1_46.mp4,9,no,no,train,,,
push_up,stu1_47.mp4,6,yes,yes,valid,,,
push_up,stu1_48.mp4,111,no,no,train,,,
push_up,stu1_49.mp4,15,no,no,train,,,
bench_pressing,stu1_5.mp4,11,no,no,train,,,
push_up,stu1_50.mp4,13,no,no,train,,,
push_up,stu1_51.mp4,40,yes,yes,train,,,
push_up,stu1_52.mp4,30,no,no,train,,,
situp,stu1_53.mp4,9,no,no,train,10,,
situp,stu1_54.mp4,7,no,no,train,10,,
situp,stu1_55.mp4,5,no,no,train,10,,
situp,stu1_56.mp4,141,no,no,train,10,,
situp,stu1_57.mp4,40,no,no,valid,10,,
situp,stu1_58.mp4,7,no,no,train,10,,
situp,stu1_59.mp4,18,no,no,test,10,,
bench_pressing,stu1_6.mp4,11,no,no,train,,,
situp,stu1_60.mp4,12,no,no,test,10,,
situp,stu1_61.mp4,23,no,no,train,10,,
situp,stu1_62.mp4,19,no,no,train,10,,
situp,stu1_63.mp4,33,no,no,train,10,,
situp,stu1_64.mp4,9,no,no,train,10,,
situp,stu1_65.mp4,3,no,no,train,10,,
situp,stu1_66.mp4,6,no,no,train,10,,
squat,stu1_67.mp4,20,yes,yes,train,,,
squat,stu1_68.mp4,20,yes,yes,train,,,
squat,stu1_69.mp4,9,yes,yes,train,,,
bench_pressing,stu1_7.mp4,1,no,no,train,,,
squat,stu1_70.mp4,1,no,no,train,,,
squat,stu1_71.mp4,4,no,no,train,,,
squat,stu1_72.mp4,21,no,no,train,,,
bench_pressing,stu1_8.mp4,4,no,no,valid,2,,
bench_pressing,stu1_9.mp4,10,no,no,train,,,
battle_rope,stu10_0.mp4,23,no,no,train,,,
bench_pressing,stu10_1.mp4,2,no,no,test,,,
bench_pressing,stu10_10.mp4,16,no,no,train,,,
bench_pressing,stu10_11.mp4,20,no,no,train,,,
bench_pressing,stu10_12.mp4,15,no,no,train,,,
front_raise,stu10_13.mp4,3,no,no,valid,10,,
front_raise,stu10_14.mp4,14,no,no,train,10,,
front_raise,stu10_15.mp4,17,no,no,train,10,,
front_raise,stu10_16.mp4,6,no,no,train,10,,
front_raise,stu10_17.mp4,11,no,no,test,10,,
front_raise,stu10_18.mp4,4,no,no,train,10,,
front_raise,stu10_19.mp4,8,no,no,test,10,,
bench_pressing,stu10_2.mp4,11,no,no,train,,,
front_raise,stu10_20.mp4,8,no,no,train,10,,
front_raise,stu10_21.mp4,2,no,no,train,10,,
front_raise,stu10_22.mp4,4,no,no,train,10,,
front_raise,stu10_23.mp4,9,no,no,train,10,,
front_raise,stu10_24.mp4,14,yes,no,test,10,,
jump_jack,stu10_25.mp4,7,no,no,test,1,,
jump_jack,stu10_26.mp4,33,no,no,train,,,
jump_jack,stu10_27.mp4,18,no,no,train,,,
jump_jack,stu10_28.mp4,8,no,no,train,,,
jump_jack,stu10_29.mp4,34,no,no,train,,,
bench_pressing,stu10_3.mp4,6,no,no,train,,,
jump_jack,stu10_30.mp4,4,no,no,train,,,
jump_jack,stu10_31.mp4,10,no,no,train,,,
others,stu10_32.mp4,24,no,no,train,,,
others,stu10_33.mp4,27,no,no,train,,,
pull_up,stu10_34.mp4,7,no,no,valid,,,
pull_up,stu10_35.mp4,11,no,no,train,,,
pull_up,stu10_36.mp4,29,yes,yes,test,,,
pull_up,stu10_37.mp4,17,no,no,train,,,
pull_up,stu10_38.mp4,10,no,no,train,,,
pull_up,stu10_39.mp4,10,no,no,valid,2,,
bench_pressing,stu10_4.mp4,12,no,no,train,,,
pull_up,stu10_40.mp4,12,no,no,train,,,
push_up,stu10_41.mp4,8,no,no,train,,,
push_up,stu10_42.mp4,11,yes,yes,valid,,,
push_up,stu10_43.mp4,17,yes,yes,test,,,
push_up,stu10_44.mp4,40,no,no,valid,9,,
push_up,stu10_45.mp4,14,no,no,train,,,
push_up,stu10_46.mp4,11,no,no,train,,,
push_up,stu10_47.mp4,21,no,no,valid,,,
push_up,stu10_48.mp4,5,yes,yes,test,,,
push_up,stu10_49.mp4,21,no,no,train,,,
bench_pressing,stu10_5.mp4,16,no,no,test,,,
push_up,stu10_50.mp4,31,no,no,train,,,
push_up,stu10_51.mp4,54,no,no,train,,,
push_up,stu10_52.mp4,37,no,no,train,,,
push_up,stu10_53.mp4,23,no,no,train,,,
push_up,stu10_54.mp4,14,no,no,train,,,
situp,stu10_55.mp4,24,no,no,train,10,,
situp,stu10_56.mp4,24,no,no,valid,10,,
situp,stu10_57.mp4,31,no,no,train,10,,
situp,stu10_58.mp4,5,no,no,train,10,,
situp,stu10_59.mp4,9,no,no,train,10,,
bench_pressing,stu10_6.mp4,4,yes,yes,test,,,
situp,stu10_60.mp4,6,no,no,test,10,,
situp,stu10_61.mp4,15,no,no,train,10,,
squat,stu10_62.mp4,3,yes,yes,train,,,
squat,stu10_63.mp4,16,yes,no,valid,,,
squat,stu10_64.mp4,2,yes,yes,train,,,
squat,stu10_65.mp4,4,no,no,train,,,
squat,stu10_66.mp4,25,no,no,train,,,
squat,stu10_67.mp4,6,yes,yes,valid,,,
squat,stu10_68.mp4,20,yes,yes,train,,,
squat,stu10_69.mp4,39,yes,yes,valid,,,
bench_pressing,stu10_7.mp4,2,no,no,train,,,
squat,stu10_70.mp4,5,yes,yes,train,,,
squat,stu10_71.mp4,4,yes,yes,train,,,
bench_pressing,stu10_8.mp4,4,no,no,valid,2,,
bench_pressing,stu10_9.mp4,9,no,no,train,,,
others,stu11_0.mp4,50,no,no,train,,,
others,stu11_1.mp4,20,no,no,train,,,
others,stu11_10.mp4,4,no,no,train,,,
others,stu11_11.mp4,12,no,no,train,,,
others,stu11_12.mp4,5,no,no,train,,,
others,stu11_13.mp4,42,no,no,train,,,
pommelhorse,stu11_14.mp4,27,no,no,train,10,,
pommelhorse,stu11_15.mp4,18,no,no,train,10,,
pommelhorse,stu11_16.mp4,16,no,no,train,10,,
pommelhorse,stu11_17.mp4,20,no,no,train,10,,
pommelhorse,stu11_18.mp4,21,no,no,train,10,,
pommelhorse,stu11_19.mp4,15,no,no,train,10,,
others,stu11_2.mp4,6,no,no,train,,,
pommelhorse,stu11_20.mp4,16,no,no,train,10,,
pommelhorse,stu11_21.mp4,18,no,no,train,10,,
pommelhorse,stu11_22.mp4,23,no,no,train,10,,
pommelhorse,stu11_23.mp4,32,no,no,train,10,,
pommelhorse,stu11_24.mp4,40,no,no,train,10,,
pommelhorse,stu11_25.mp4,39,no,no,train,10,,
pommelhorse,stu11_26.mp4,32,no,no,train,10,,
pommelhorse,stu11_27.mp4,30,no,no,train,10,,
pommelhorse,stu11_28.mp4,22,no,no,train,10,,
pommelhorse,stu11_29.mp4,23,no,no,train,10,,
others,stu11_3.mp4,6,no,no,train,,,
pommelhorse,stu11_30.mp4,32,no,no,valid,10,,gymnastics video
pommelhorse,stu11_31.mp4,32,no,no,valid,10,,gymnastics video
pommelhorse,stu11_32.mp4,33,no,no,valid,10,,gymnastics video
pommelhorse,stu11_33.mp4,32,no,no,valid,10,,gymnastics video
pommelhorse,stu11_34.mp4,35,no,no,valid,10,,gymnastics video
pommelhorse,stu11_35.mp4,18,no,no,valid,10,,gymnastics video
pommelhorse,stu11_36.mp4,35,no,no,valid,10,,gymnastics video
pommelhorse,stu11_37.mp4,23,no,no,valid,10,,gymnastics video
pommelhorse,stu11_38.mp4,39,no,no,valid,10,,gymnastics video
pommelhorse,stu11_39.mp4,32,no,no,valid,10,,gymnastics video
others,stu11_4.mp4,6,no,no,train,,,
pommelhorse,stu11_40.mp4,32,no,no,train,10,,
pommelhorse,stu11_41.mp4,35,no,no,train,10,,
pommelhorse,stu11_42.mp4,31,no,no,train,10,,
pommelhorse,stu11_43.mp4,22,no,no,train,10,,
others,stu11_5.mp4,6,no,no,train,,,
others,stu11_6.mp4,6,no,no,train,,,
others,stu11_7.mp4,32,no,no,train,,,
others,stu11_8.mp4,3,no,no,train,,,
others,stu11_9.mp4,10,no,no,train,,,
others,stu12_0.mp4,17,no,no,train,,,
others,stu12_1.mp4,5,no,no,train,,,
others,stu12_10.mp4,7,no,no,train,,,
pommelhorse,stu12_11.mp4,18,no,no,train,10,,
pommelhorse,stu12_12.mp4,35,no,no,train,10,,
pommelhorse,stu12_14.mp4,31,no,no,train,10,,
pommelhorse,stu12_15.mp4,34,no,no,train,10,,
pommelhorse,stu12_16.mp4,19,no,no,train,10,,
pommelhorse,stu12_17.mp4,30,no,no,train,10,,
pommelhorse,stu12_18.mp4,19,no,no,train,10,,
pommelhorse,stu12_19.mp4,37,no,no,train,10,,
others,stu12_2.mp4,34,no,no,train,,,
pommelhorse,stu12_20.mp4,35,no,no,train,10,,
pommelhorse,stu12_21.mp4,11,no,no,train,10,,
pommelhorse,stu12_22.mp4,32,no,no,train,10,,
pommelhorse,stu12_23.mp4,35,no,no,train,10,,
pommelhorse,stu12_24.mp4,35,no,no,train,10,,
pommelhorse,stu12_25.mp4,30,no,no,train,10,,
pommelhorse,stu12_26.mp4,33,no,no,train,10,,
pommelhorse,stu12_27.mp4,16,no,no,train,10,,
pommelhorse,stu12_28.mp4,34,no,no,train,10,,
pommelhorse,stu12_29.mp4,37,no,no,train,10,,
others,stu12_3.mp4,4,no,no,train,,,
pommelhorse,stu12_30.mp4,25,no,no,test,10,,gymnastics video
pommelhorse,stu12_31.mp4,32,no,no,test,10,,gymnastics video
pommelhorse,stu12_32.mp4,35,no,no,test,10,,gymnastics video
pommelhorse,stu12_33.mp4,27,no,no,test,10,,gymnastics video
pommelhorse,stu12_34.mp4,26,no,no,test,10,,gymnastics video
pommelhorse,stu12_35.mp4,14,no,no,valid,10,,gymnastics video
pommelhorse,stu12_36.mp4,12,no,no,valid,10,,gymnastics video
pommelhorse,stu12_37.mp4,36,no,no,valid,10,,gymnastics video
pommelhorse,stu12_38.mp4,33,no,no,valid,10,,gymnastics video
pommelhorse,stu12_39.mp4,36,no,no,valid,10,,gymnastics video
others,stu12_4.mp4,7,no,no,train,,,
pommelhorse,stu12_40.mp4,16,no,no,train,10,,
pommelhorse,stu12_41.mp4,38,no,no,train,10,,
pommelhorse,stu12_42.mp4,28,no,no,train,10,,
pommelhorse,stu12_43.mp4,26,no,no,train,10,,
others,stu12_5.mp4,7,no,no,train,,,
others,stu12_6.mp4,21,no,no,train,,,
others,stu12_7.mp4,17,no,no,train,,,
others,stu12_8.mp4,38,no,no,train,,,
others,stu12_9.mp4,5,no,no,train,,,
others,stu13_0.mp4,13,no,no,train,,,
others,stu13_1.mp4,7,no,no,train,,,
pommelhorse,stu13_10.mp4,27,no,no,train,10,,
pommelhorse,stu13_11.mp4,22,no,no,train,10,,
pommelhorse,stu13_12.mp4,17,no,no,train,10,,
pommelhorse,stu13_13.mp4,27,no,no,train,10,,
pommelhorse,stu13_14.mp4,11,no,no,train,10,,
pommelhorse,stu13_15.mp4,30,no,no,train,10,,
pommelhorse,stu13_16.mp4,28,no,no,train,10,,
pommelhorse,stu13_17.mp4,27,no,no,train,10,,
pommelhorse,stu13_18.mp4,36,no,no,train,10,,
pommelhorse,stu13_19.mp4,39,no,no,train,10,,
others,stu13_2.mp4,6,no,no,train,,,
pommelhorse,stu13_20.mp4,30,no,no,train,10,,
pommelhorse,stu13_21.mp4,23,no,no,train,10,,
pommelhorse,stu13_22.mp4,25,no,no,train,10,,
pommelhorse,stu13_23.mp4,27,no,no,train,10,,
pommelhorse,stu13_24.mp4,18,no,no,train,10,,
pommelhorse,stu13_25.mp4,16,no,no,train,10,,
pommelhorse,stu13_26.mp4,29,no,no,train,10,,
pommelhorse,stu13_27.mp4,31,no,no,train,10,,
pommelhorse,stu13_28.mp4,33,no,no,train,10,,
pommelhorse,stu13_29.mp4,28,no,no,train,10,,
others,stu13_3.mp4,6,no,no,train,,,
pommelhorse,stu13_30.mp4,29,no,no,test,10,,gymnastics video
pommelhorse,stu13_31.mp4,41,no,no,test,10,,gymnastics video
pommelhorse,stu13_32.mp4,10,no,no,test,10,,gymnastics video
pommelhorse,stu13_33.mp4,33,no,no,test,10,,gymnastics video
pommelhorse,stu13_34.mp4,13,no,no,test,10,,gymnastics video
pommelhorse,stu13_35.mp4,33,no,no,test,10,,gymnastics video
pommelhorse,stu13_36.mp4,31,no,no,test,10,,gymnastics video
pommelhorse,stu13_37.mp4,37,no,no,test,10,,gymnastics video
pommelhorse,stu13_38.mp4,34,no,no,test,10,,gymnastics video
pommelhorse,stu13_39.mp4,32,no,no,test,10,,gymnastics video
others,stu13_4.mp4,45,no,no,train,,,
pommelhorse,stu13_40.mp4,25,no,no,train,10,,
pommelhorse,stu13_41.mp4,16,no,no,train,10,,
pommelhorse,stu13_42.mp4,37,no,no,train,10,,
pommelhorse,stu13_43.mp4,34,no,no,train,10,,
others,stu13_5.mp4,5,no,no,train,,,
others,stu13_6.mp4,6,no,no,train,,,
pommelhorse,stu13_7.mp4,30,no,no,train,10,,
pommelhorse,stu13_8.mp4,16,no,no,train,10,,
pommelhorse,stu13_9.mp4,34,no,no,train,10,,
battle_rope,stu2_0.mp4,21,no,no,valid,5,,
battle_rope,stu2_1.mp4,44,no,no,train,,,
bench_pressing,stu2_10.mp4,6,yes,yes,train,,,
bench_pressing,stu2_11.mp4,8,no,no,train,,,
bench_pressing,stu2_12.mp4,6,no,no,train,,,
bench_pressing,stu2_13.mp4,11,no,no,train,,,
front_raise,stu2_14.mp4,7,no,no,test,10,,
front_raise,stu2_15.mp4,8,no,no,valid,10,,
front_raise,stu2_16.mp4,2,no,no,train,10,,
front_raise,stu2_17.mp4,5,no,no,train,10,,
front_raise,stu2_18.mp4,39,no,no,train,10,,
front_raise,stu2_19.mp4,5,no,no,train,10,,
bench_pressing,stu2_2.mp4,4,yes,yes,train,,,
front_raise,stu2_20.mp4,13,no,no,train,10,,
front_raise,stu2_21.mp4,4,yes,no,valid,10,,
front_raise,stu2_22.mp4,7,no,no,train,10,,
front_raise,stu2_23.mp4,6,no,no,valid,10,,
front_raise,stu2_24.mp4,5,no,no,train,10,,
jump_jack,stu2_25.mp4,58,no,no,test,2,,
jump_jack,stu2_26.mp4,30,no,no,train,,,
jump_jack,stu2_27.mp4,100,yes,yes,valid,,,
jump_jack,stu2_28.mp4,31,no,no,train,,,
jump_jack,stu2_29.mp4,28,yes,yes,train,,,
bench_pressing,stu2_3.mp4,16,no,no,train,,,
jump_jack,stu2_30.mp4,25,yes,no,train,6,,
jump_jack,stu2_31.mp4,19,no,no,train,,,
jump_jack,stu2_32.mp4,98,no,no,train,,,
jump_jack,stu2_33.mp4,27,no,no,train,,,
pull_up,stu2_34.mp4,17,no,no,test,2,,
pull_up,stu2_35.mp4,6,no,no,train,,,
pull_up,stu2_36.mp4,5,yes,yes,test,,,
pull_up,stu2_37.mp4,17,yes,yes,test,,,
pull_up,stu2_38.mp4,8,no,no,train,,,
pull_up,stu2_39.mp4,6,no,no,test,2,,
bench_pressing,stu2_4.mp4,1,no,no,train,,,
pull_up,stu2_40.mp4,12,no,no,train,,,
pull_up,stu2_41.mp4,26,no,no,train,,,
pull_up,stu2_42.mp4,14,no,no,train,,,
pull_up,stu2_43.mp4,21,yes,no,train,,,
pull_up,stu2_44.mp4,10,no,no,train,,,
push_up,stu2_45.mp4,4,no,no,train,,,
push_up,stu2_46.mp4,21,yes,yes,train,,,
push_up,stu2_47.mp4,20,yes,yes,train,,,
push_up,stu2_48.mp4,10,no,no,train,,,
push_up,stu2_49.mp4,18,yes,yes,train,,,
bench_pressing,stu2_5.mp4,3,no,no,test,2,,
push_up,stu2_50.mp4,25,no,no,train,,,
push_up,stu2_51.mp4,19,no,no,train,,,
push_up,stu2_52.mp4,6,no,no,train,,,
push_up,stu2_53.mp4,49,no,no,train,,,
push_up,stu2_54.mp4,23,no,no,train,,,
situp,stu2_55.mp4,30,no,no,test,10,,
situp,stu2_56.mp4,19,no,no,valid,10,,
situp,stu2_57.mp4,3,no,no,valid,10,,
situp,stu2_58.mp4,37,no,no,train,10,,
situp,stu2_59.mp4,8,no,no,valid,10,,
bench_pressing,stu2_6.mp4,4,no,no,test,2,,
situp,stu2_60.mp4,43,no,no,train,10,,
situp,stu2_61.mp4,10,no,no,train,10,,
situp,stu2_62.mp4,19,no,no,test,10,,
situp,stu2_63.mp4,11,no,no,train,10,,
situp,stu2_64.mp4,36,no,no,train,10,,
situp,stu2_65.mp4,8,no,no,test,10,,
situp,stu2_66.mp4,6,no,no,train,10,,
squat,stu2_67.mp4,11,yes,yes,train,,,
squat,stu2_68.mp4,25,yes,yes,train,,,
squat,stu2_69.mp4,21,yes,yes,train,,,
bench_pressing,stu2_7.mp4,11,no,no,train,,,
squat,stu2_70.mp4,13,yes,yes,train,,,
squat,stu2_71.mp4,14,yes,yes,train,,,
squat,stu2_72.mp4,12,no,no,train,,,
bench_pressing,stu2_8.mp4,14,no,no,train,,,
bench_pressing,stu2_9.mp4,9,no,no,train,,,
battle_rope,stu3_0.mp4,12,no,no,train,,,
battle_rope,stu3_1.mp4,13,no,no,valid,4,,
front_raise,stu3_10.mp4,5,no,no,test,10,,
front_raise,stu3_11.mp4,3,no,no,train,10,,
front_raise,stu3_12.mp4,2,no,no,train,10,,
front_raise,stu3_13.mp4,3,no,no,train,10,,
front_raise,stu3_14.mp4,3,no,no,train,10,,
front_raise,stu3_15.mp4,4,no,no,test,10,,
front_raise,stu3_16.mp4,5,no,no,valid,10,,
front_raise,stu3_17.mp4,5,no,no,train,10,,
front_raise,stu3_18.mp4,16,no,no,test,10,,
jump_jack,stu3_19.mp4,5,yes,no,train,,,
bench_pressing,stu3_2.mp4,3,no,no,valid,2,,
jump_jack,stu3_20.mp4,17,yes,yes,test,,,
jump_jack,stu3_21.mp4,6,no,no,train,,,
jump_jack,stu3_22.mp4,11,no,no,train,,,
jump_jack,stu3_23.mp4,38,no,no,train,,,
jump_jack,stu3_24.mp4,13,no,no,train,,,
jump_jack,stu3_25.mp4,45,yes,yes,test,,,
jump_jack,stu3_26.mp4,62,yes,no,train,9,,
jump_jack,stu3_27.mp4,70,yes,yes,train,,,
jump_jack,stu3_28.mp4,30,yes,no,test,2,,
jump_jack,stu3_29.mp4,28,no,no,train,,,
bench_pressing,stu3_3.mp4,9,yes,yes,valid,,,
jump_jack,stu3_30.mp4,16,no,no,train,,,
jump_jack,stu3_31.mp4,92,no,no,test,3,7,
pull_up,stu3_32.mp4,7,no,no,train,,,
pull_up,stu3_33.mp4,10,no,no,train,,,
pull_up,stu3_34.mp4,5,yes,no,train,,,
pull_up,stu3_35.mp4,5,no,no,train,,,
pull_up,stu3_36.mp4,8,no,no,train,,,
pull_up,stu3_37.mp4,8,yes,no,train,,,
pull_up,stu3_38.mp4,9,yes,no,train,,,
pull_up,stu3_39.mp4,14,yes,yes,test,,,
bench_pressing,stu3_4.mp4,4,yes,yes,train,,,
pull_up,stu3_40.mp4,6,yes,no,train,,,
pull_up,stu3_41.mp4,1,no,no,train,,,
push_up,stu3_42.mp4,10,no,no,train,,,
push_up,stu3_43.mp4,45,no,no,train,,,
push_up,stu3_44.mp4,11,no,no,train,,,
push_up,stu3_45.mp4,25,yes,yes,train,,,
push_up,stu3_46.mp4,9,yes,yes,train,,,
push_up,stu3_47.mp4,6,no,no,train,,,
push_up,stu3_48.mp4,54,no,no,train,,,
push_up,stu3_49.mp4,39,no,no,train,,,
bench_pressing,stu3_5.mp4,33,yes,no,test,2,,
push_up,stu3_50.mp4,28,yes,yes,valid,,,
push_up,stu3_51.mp4,27,no,no,train,,,
situp,stu3_52.mp4,26,no,no,valid,10,,
situp,stu3_53.mp4,11,no,no,test,10,,
situp,stu3_54.mp4,8,no,no,valid,10,,
situp,stu3_55.mp4,6,no,no,test,10,,
situp,stu3_56.mp4,25,no,no,train,10,,
situp,stu3_57.mp4,19,no,no,test,10,,
situp,stu3_58.mp4,42,no,no,test,10,,
squat,stu3_59.mp4,1,no,no,train,,,
bench_pressing,stu3_6.mp4,6,no,no,train,,,
squat,stu3_60.mp4,4,no,no,train,,,
squat,stu3_61.mp4,19,yes,yes,train,,,
squat,stu3_62.mp4,13,yes,yes,train,,,
squat,stu3_63.mp4,7,no,no,train,,,
squat,stu3_64.mp4,19,yes,yes,train,,,
squat,stu3_65.mp4,6,yes,yes,train,,,
squat,stu3_66.mp4,9,yes,yes,valid,,,
squat,stu3_67.mp4,9,yes,yes,train,,,
squat,stu3_68.mp4,17,yes,yes,train,,,
squat,stu3_69.mp4,10,no,no,train,,,
bench_pressing,stu3_7.mp4,16,yes,yes,train,,,
squat,stu3_70.mp4,12,yes,yes,train,,,
squat,stu3_71.mp4,2,no,no,train,,,
squat,stu3_72.mp4,1,no,no,train,,,
front_raise,stu3_8.mp4,6,no,no,train,10,,
front_raise,stu3_9.mp4,12,no,no,train,10,,
battle_rope,stu4_0.mp4,11,no,no,train,,,
battle_rope,stu4_1.mp4,14,no,no,train,,,
front_raise,stu4_10.mp4,13,no,no,train,10,,
front_raise,stu4_11.mp4,4,yes,no,valid,10,,
front_raise,stu4_12.mp4,4,yes,no,test,10,,
front_raise,stu4_13.mp4,6,no,no,train,10,,
front_raise,stu4_14.mp4,5,no,no,train,10,,
jump_jack,stu4_15.mp4,16,yes,yes,train,,,
jump_jack,stu4_16.mp4,34,no,no,train,,,
jump_jack,stu4_17.mp4,8,no,no,train,,,
jump_jack,stu4_18.mp4,10,yes,no,train,,,
jump_jack,stu4_19.mp4,32,no,no,test,2,,
bench_pressing,stu4_2.mp4,15,no,no,train,,,
jump_jack,stu4_20.mp4,11,yes,yes,train,,,
jump_jack,stu4_21.mp4,2,yes,yes,train,,,
jump_jack,stu4_22.mp4,7,yes,yes,valid,,,
jump_jack,stu4_23.mp4,21,no,no,train,,,
jump_jack,stu4_24.mp4,42,no,no,train,,,
jump_jack,stu4_25.mp4,6,no,no,train,,,
jump_jack,stu4_26.mp4,20,no,no,train,,,
jump_jack,stu4_27.mp4,56,yes,yes,test,,,
others,stu4_28.mp4,10,no,no,test,9,,
pull_up,stu4_29.mp4,5,yes,yes,test,,,
bench_pressing,stu4_3.mp4,4,no,no,train,,,
pull_up,stu4_30.mp4,1,no,no,train,,,
pull_up,stu4_31.mp4,6,yes,no,train,,,
pull_up,stu4_32.mp4,4,no,no,train,,,
pull_up,stu4_33.mp4,6,no,no,train,,,
pull_up,stu4_34.mp4,17,no,no,train,,,
pull_up,stu4_35.mp4,12,no,no,train,,,
pull_up,stu4_36.mp4,6,no,no,train,,,
pull_up,stu4_37.mp4,6,no,no,train,,,
pull_up,stu4_38.mp4,26,no,no,train,,,
pull_up,stu4_39.mp4,1,no,no,train,,,
bench_pressing,stu4_4.mp4,23,no,no,train,,,
push_up,stu4_40.mp4,6,no,no,valid,2,,
push_up,stu4_41.mp4,35,no,no,train,,,
push_up,stu4_42.mp4,50,no,no,train,,,
push_up,stu4_43.mp4,10,yes,yes,train,,,
push_up,stu4_44.mp4,9,yes,yes,train,,,
push_up,stu4_45.mp4,16,no,no,valid,1,,
push_up,stu4_46.mp4,45,no,no,test,2,,
push_up,stu4_47.mp4,37,no,no,test,2,,
push_up,stu4_48.mp4,8,no,no,train,,,
push_up,stu4_49.mp4,8,yes,yes,train,,,
bench_pressing,stu4_5.mp4,51,no,no,test,2,,
situp,stu4_50.mp4,3,no,no,train,10,,
situp,stu4_51.mp4,6,no,no,train,10,,
situp,stu4_52.mp4,8,no,no,train,10,,
situp,stu4_53.mp4,9,no,no,train,10,,
situp,stu4_54.mp4,4,no,no,train,10,,
situp,stu4_55.mp4,16,no,no,train,10,,
situp,stu4_56.mp4,7,no,no,train,10,,
situp,stu4_57.mp4,31,no,no,train,10,,
situp,stu4_58.mp4,9,no,no,train,10,,
situp,stu4_59.mp4,7,no,no,valid,10,,
bench_pressing,stu4_6.mp4,8,no,no,train,,,
situp,stu4_60.mp4,3,no,no,train,10,,
squat,stu4_61.mp4,10,yes,yes,train,,,
squat,stu4_62.mp4,14,yes,yes,train,,,
squat,stu4_63.mp4,14,yes,no,test,,,
squat,stu4_64.mp4,14,no,no,test,2,,
squat,stu4_65.mp4,24,no,no,train,,,
squat,stu4_66.mp4,27,no,no,train,,,
squat,stu4_67.mp4,9,no,no,train,,,
squat,stu4_68.mp4,5,no,no,test,2,,
squat,stu4_69.mp4,2,yes,yes,test,,,
bench_pressing,stu4_7.mp4,12,no,no,train,,,
squat,stu4_70.mp4,44,no,no,valid,2,,
squat,stu4_71.mp4,36,no,no,train,,,
squat,stu4_72.mp4,3,no,no,train,,,
front_raise,stu4_8.mp4,3,no,no,train,10,,
front_raise,stu4_9.mp4,4,no,no,train,10,,
battle_rope,stu5_0.mp4,49,no,no,train,,,
battle_rope,stu5_1.mp4,17,no,no,train,,,
bench_pressing,stu5_10.mp4,8,no,no,train,,,
front_raise,stu5_11.mp4,6,no,no,train,10,,
front_raise,stu5_12.mp4,5,no,no,test,10,,
front_raise,stu5_13.mp4,4,no,no,train,10,,
front_raise,stu5_14.mp4,9,no,no,train,10,,
front_raise,stu5_15.mp4,18,no,no,train,10,,
front_raise,stu5_16.mp4,10,no,no,test,10,,
front_raise,stu5_17.mp4,4,yes,no,valid,10,,
jump_jack,stu5_18.mp4,34,no,no,test,2,,
jump_jack,stu5_19.mp4,18,no,no,valid,6,,
battle_rope,stu5_2.mp4,40,no,no,train,,,
jump_jack,stu5_20.mp4,5,no,no,train,,,
jump_jack,stu5_21.mp4,14,yes,yes,valid,,,
jump_jack,stu5_22.mp4,11,no,no,valid,4,,
jump_jack,stu5_23.mp4,52,yes,yes,test,,,
jump_jack,stu5_24.mp4,3,no,no,valid,6,,
jump_jack,stu5_25.mp4,68,no,no,train,,,
jump_jack,stu5_26.mp4,42,no,no,valid,2,,
jump_jack,stu5_27.mp4,14,no,no,test,5,,
others,stu5_28.mp4,23,no,no,train,,,
pull_up,stu5_29.mp4,4,yes,no,train,,,
battle_rope,stu5_3.mp4,95,no,no,train,,,
pull_up,stu5_30.mp4,4,no,no,train,,,
pull_up,stu5_31.mp4,10,no,no,train,,,
pull_up,stu5_32.mp4,30,yes,yes,test,,,
pull_up,stu5_33.mp4,9,yes,no,train,,,
pull_up,stu5_34.mp4,52,no,no,train,,,
pull_up,stu5_35.mp4,11,no,no,train,,,
pull_up,stu5_36.mp4,6,no,no,valid,,,
pull_up,stu5_37.mp4,20,yes,no,train,,,
pull_up,stu5_38.mp4,13,no,no,train,,,
pull_up,stu5_39.mp4,7,no,no,train,,,
bench_pressing,stu5_4.mp4,5,no,no,train,,,
pull_up,stu5_40.mp4,17,no,no,valid,2,,
pull_up,stu5_41.mp4,34,yes,no,train,,,
push_up,stu5_42.mp4,23,no,no,train,,,
push_up,stu5_43.mp4,14,yes,yes,train,,,
push_up,stu5_44.mp4,12,no,no,train,,,
push_up,stu5_45.mp4,7,yes,yes,valid,,,
push_up,stu5_46.mp4,3,no,no,train,,,
push_up,stu5_47.mp4,30,no,no,test,4,,
push_up,stu5_48.mp4,7,no,no,train,,,
situp,stu5_49.mp4,3,no,no,train,10,,
bench_pressing,stu5_5.mp4,30,no,no,valid,2,,
situp,stu5_50.mp4,1,no,no,train,10,,
situp,stu5_51.mp4,25,no,no,train,10,,
situp,stu5_52.mp4,4,no,no,train,10,,
situp,stu5_53.mp4,27,no,no,train,10,,
situp,stu5_54.mp4,26,no,no,train,10,,
situp,stu5_55.mp4,4,no,no,test,10,,
situp,stu5_56.mp4,29,no,no,train,10,,
situp,stu5_57.mp4,19,no,no,train,10,,
situp,stu5_58.mp4,4,no,no,train,10,,
situp,stu5_59.mp4,36,no,no,valid,10,,
bench_pressing,stu5_6.mp4,5,no,no,train,,,
situp,stu5_60.mp4,4,no,no,train,10,,
situp,stu5_61.mp4,2,no,no,train,10,,
squat,stu5_62.mp4,32,no,no,test,4,,
squat,stu5_63.mp4,21,no,no,train,,,
squat,stu5_64.mp4,20,no,no,train,,,
squat,stu5_65.mp4,18,yes,yes,train,,,
squat,stu5_66.mp4,12,yes,yes,train,,,
squat,stu5_67.mp4,16,no,no,train,,,
squat,stu5_68.mp4,20,no,no,test,5,,
squat,stu5_69.mp4,10,yes,yes,train,,,
bench_pressing,stu5_7.mp4,25,no,no,train,,,
squat,stu5_70.mp4,6,no,no,train,,,
squat,stu5_71.mp4,19,no,no,valid,4,,
bench_pressing,stu5_8.mp4,1,no,no,train,,,
bench_pressing,stu5_9.mp4,18,yes,yes,valid,,,
battle_rope,stu6_0.mp4,8,no,no,valid,5,,
bench_pressing,stu6_1.mp4,5,no,no,train,,,
front_raise,stu6_10.mp4,3,no,no,train,10,,
front_raise,stu6_11.mp4,22,no,no,train,10,,
front_raise,stu6_12.mp4,4,no,no,train,10,,
front_raise,stu6_13.mp4,9,no,no,test,10,,
front_raise,stu6_14.mp4,4,no,no,train,10,,
jump_jack,stu6_15.mp4,12,no,no,test,,,
jump_jack,stu6_16.mp4,66,yes,no,valid,,,
jump_jack,stu6_17.mp4,19,no,no,valid,4,,
jump_jack,stu6_18.mp4,11,no,no,train,,,
jump_jack,stu6_19.mp4,16,no,no,train,,,
bench_pressing,stu6_2.mp4,9,no,no,train,,,
jump_jack,stu6_20.mp4,21,yes,yes,train,,,
jump_jack,stu6_21.mp4,7,no,no,valid,6,,
jump_jack,stu6_22.mp4,64,no,no,test,2,,
jump_jack,stu6_23.mp4,34,no,no,test,2,,
jump_jack,stu6_24.mp4,26,no,no,test,7,,
jump_jack,stu6_25.mp4,35,no,no,train,,,
pull_up,stu6_26.mp4,10,no,no,train,,,
pull_up,stu6_27.mp4,5,no,no,train,,,
pull_up,stu6_28.mp4,13,no,no,train,,,
pull_up,stu6_29.mp4,5,yes,no,train,,,
bench_pressing,stu6_3.mp4,13,no,no,test,2,,
pull_up,stu6_30.mp4,2,yes,yes,test,,,
pull_up,stu6_31.mp4,20,no,no,train,,,
pull_up,stu6_32.mp4,7,yes,no,train,,,
pull_up,stu6_33.mp4,6,no,no,train,,,
pull_up,stu6_34.mp4,11,no,no,valid,5,,
pull_up,stu6_35.mp4,5,no,no,train,,,
pull_up,stu6_36.mp4,5,yes,no,train,,,
push_up,stu6_37.mp4,3,no,no,train,,,
push_up,stu6_38.mp4,16,no,no,train,,,
push_up,stu6_39.mp4,29,no,no,test,5,,
bench_pressing,stu6_4.mp4,5,yes,yes,valid,,,
push_up,stu6_40.mp4,8,no,no,train,,,
push_up,stu6_41.mp4,54,no,no,train,,,
push_up,stu6_42.mp4,8,yes,yes,test,,,
push_up,stu6_43.mp4,19,no,no,train,,,
push_up,stu6_44.mp4,,no,no,train,,,
push_up,stu6_45.mp4,10,yes,yes,train,,,
push_up,stu6_46.mp4,33,no,no,train,,,
push_up,stu6_47.mp4,3,no,no,valid,1,,
situp,stu6_48.mp4,2,no,no,valid,10,,
situp,stu6_49.mp4,5,no,no,train,10,,
bench_pressing,stu6_5.mp4,12,no,no,train,,,
situp,stu6_50.mp4,9,no,no,train,10,,
situp,stu6_51.mp4,10,no,no,train,10,,
situp,stu6_52.mp4,23,no,no,train,10,,
situp,stu6_53.mp4,28,no,no,train,10,,
situp,stu6_54.mp4,11,no,no,train,10,,
situp,stu6_55.mp4,2,no,no,train,10,,
situp,stu6_56.mp4,9,no,no,train,10,,
squat,stu6_57.mp4,15,no,no,valid,2,,
squat,stu6_58.mp4,5,no,no,train,,,
squat,stu6_59.mp4,10,yes,yes,train,,,
front_raise,stu6_6.mp4,9,no,no,train,10,,
squat,stu6_60.mp4,35,no,no,train,,,
squat,stu6_61.mp4,19,no,no,valid,2,,
squat,stu6_62.mp4,20,no,no,train,,,
squat,stu6_63.mp4,17,yes,yes,test,,,
squat,stu6_64.mp4,3,yes,yes,train,,,
squat,stu6_65.mp4,19,no,no,test,5,,
squat,stu6_66.mp4,21,no,no,train,,,
squat,stu6_67.mp4,20,yes,yes,train,,,
squat,stu6_68.mp4,6,yes,yes,test,,,
squat,stu6_69.mp4,15,no,no,train,,,
front_raise,stu6_7.mp4,5,yes,no,valid,10,,
squat,stu6_70.mp4,26,no,no,train,,,
squat,stu6_71.mp4,2,no,no,train,,,
front_raise,stu6_8.mp4,6,no,no,train,10,,
front_raise,stu6_9.mp4,18,no,no,train,10,,
bench_pressing,stu7_0.mp4,1,no,no,train,,,
bench_pressing,stu7_1.mp4,10,no,no,valid,2,,
bench_pressing,stu7_10.mp4,8,no,no,test,2,,
bench_pressing,stu7_11.mp4,4,no,no,train,,,
bench_pressing,stu7_12.mp4,15,yes,yes,train,,,
bench_pressing,stu7_13.mp4,11,yes,no,test,,,
bench_pressing,stu7_14.mp4,29,no,no,train,,,
front_raise,stu7_15.mp4,4,no,no,train,10,,
front_raise,stu7_16.mp4,4,yes,no,valid,10,,
front_raise,stu7_17.mp4,5,yes,no,test,10,,
front_raise,stu7_18.mp4,5,no,no,train,10,,
front_raise,stu7_19.mp4,4,no,no,valid,10,,
bench_pressing,stu7_2.mp4,19,no,no,train,,,
front_raise,stu7_20.mp4,6,no,no,train,10,,
front_raise,stu7_21.mp4,7,no,no,train,10,,
front_raise,stu7_22.mp4,2,no,no,train,10,,
front_raise,stu7_23.mp4,4,no,no,train,10,,
jump_jack,stu7_24.mp4,40,yes,yes,valid,,,
jump_jack,stu7_25.mp4,15,no,no,train,,,
jump_jack,stu7_26.mp4,39,no,no,valid,2,6,
jump_jack,stu7_27.mp4,30,no,no,train,,,
jump_jack,stu7_28.mp4,10,no,no,train,,,
jump_jack,stu7_29.mp4,60,no,no,train,,,
bench_pressing,stu7_3.mp4,12,no,no,train,,,
jump_jack,stu7_30.mp4,15,no,no,test,7,,
jump_jack,stu7_31.mp4,42,no,no,train,,,
jump_jack,stu7_32.mp4,10,no,no,train,,,
jump_jack,stu7_33.mp4,7,no,no,train,,,
jump_jack,stu7_34.mp4,44,no,no,train,,,
pull_up,stu7_35.mp4,22,yes,yes,test,,,
pull_up,stu7_36.mp4,20,no,no,valid,2,,
pull_up,stu7_37.mp4,15,yes,no,train,,,
pull_up,stu7_38.mp4,20,no,no,train,,,
pull_up,stu7_39.mp4,7,no,no,train,,,
bench_pressing,stu7_4.mp4,8,no,no,test,6,,
pull_up,stu7_40.mp4,15,no,no,train,,,
pull_up,stu7_41.mp4,4,no,no,train,,,
pull_up,stu7_42.mp4,29,no,no,train,,,
pull_up,stu7_43.mp4,23,no,no,valid,2,,
pull_up,stu7_44.mp4,10,no,no,train,,,
push_up,stu7_45.mp4,3,no,no,test,2,,
push_up,stu7_46.mp4,16,no,no,train,,,
push_up,stu7_47.mp4,16,no,no,train,,,
push_up,stu7_48.mp4,9,no,no,train,,,
push_up,stu7_49.mp4,50,no,no,train,,,
bench_pressing,stu7_5.mp4,10,no,no,train,,,
push_up,stu7_50.mp4,46,no,no,train,,,
push_up,stu7_51.mp4,47,no,no,train,,,
situp,stu7_52.mp4,10,no,no,test,10,,
situp,stu7_53.mp4,17,no,no,valid,10,,
situp,stu7_54.mp4,19,no,no,train,10,,
situp,stu7_55.mp4,19,no,no,train,10,,
situp,stu7_56.mp4,10,no,no,train,10,,
situp,stu7_57.mp4,43,no,no,train,10,,
situp,stu7_58.mp4,9,no,no,train,10,,
situp,stu7_59.mp4,5,no,no,train,10,,
bench_pressing,stu7_6.mp4,3,no,no,train,,,
situp,stu7_60.mp4,26,no,no,train,10,,
situp,stu7_61.mp4,12,no,no,train,10,,
squat,stu7_62.mp4,9,no,no,train,,,
squat,stu7_63.mp4,12,yes,yes,train,,,
squat,stu7_64.mp4,11,yes,yes,train,,,
squat,stu7_65.mp4,9,yes,yes,valid,,,
squat,stu7_66.mp4,13,yes,yes,valid,,,
squat,stu7_67.mp4,29,no,no,train,,,
squat,stu7_68.mp4,20,no,no,train,,,
squat,stu7_69.mp4,20,yes,yes,train,,,
bench_pressing,stu7_7.mp4,4,no,no,train,,,
squat,stu7_70.mp4,6,yes,yes,train,,,
squat,stu7_71.mp4,32,no,no,train,,,
bench_pressing,stu7_8.mp4,8,yes,yes,test,,,
bench_pressing,stu7_9.mp4,10,no,no,train,,,
battle_rope,stu8_0.mp4,62,no,no,train,,,
bench_pressing,stu8_1.mp4,3,no,no,train,,,
bench_pressing,stu8_10.mp4,11,no,no,test,2,,
bench_pressing,stu8_11.mp4,9,yes,yes,test,,,
bench_pressing,stu8_12.mp4,3,yes,yes,test,,,
bench_pressing,stu8_13.mp4,5,yes,yes,train,,,
bench_pressing,stu8_14.mp4,13,no,no,valid,2,4,
bench_pressing,stu8_15.mp4,13,no,no,train,,,
bench_pressing,stu8_16.mp4,10,yes,yes,train,,,
front_raise,stu8_17.mp4,23,no,no,train,10,,
front_raise,stu8_18.mp4,9,no,no,train,10,,
front_raise,stu8_19.mp4,9,no,no,train,10,,
bench_pressing,stu8_2.mp4,11,no,no,train,,,
front_raise,stu8_20.mp4,8,no,no,train,10,,
front_raise,stu8_21.mp4,3,no,no,train,10,,
front_raise,stu8_22.mp4,10,no,no,train,10,,
front_raise,stu8_23.mp4,3,no,no,test,10,,
jump_jack,stu8_24.mp4,21,no,no,train,,,
jump_jack,stu8_25.mp4,32,yes,no,test,,,
jump_jack,stu8_26.mp4,10,yes,yes,train,,,
jump_jack,stu8_27.mp4,49,no,no,train,,,
jump_jack,stu8_28.mp4,7,no,no,test,3,,
jump_jack,stu8_29.mp4,41,no,no,train,,,
bench_pressing,stu8_3.mp4,9,yes,yes,train,,,
jump_jack,stu8_30.mp4,58,no,no,train,,,
jump_jack,stu8_31.mp4,26,no,no,train,,,
jump_jack,stu8_32.mp4,5,no,no,train,,,
jump_jack,stu8_33.mp4,7,no,no,train,,,
jump_jack,stu8_34.mp4,5,yes,yes,test,,,
pull_up,stu8_35.mp4,11,no,no,train,,,
pull_up,stu8_36.mp4,6,no,no,train,,,
pull_up,stu8_37.mp4,10,no,no,valid,2,,
pull_up,stu8_38.mp4,16,yes,yes,test,,,
pull_up,stu8_39.mp4,16,no,no,train,,,
bench_pressing,stu8_4.mp4,6,no,no,train,,,
push_up,stu8_40.mp4,4,no,no,train,,,
push_up,stu8_41.mp4,22,no,no,train,,,
push_up,stu8_42.mp4,6,no,no,test,3,,
push_up,stu8_43.mp4,25,yes,yes,valid,,,
push_up,stu8_44.mp4,22,no,no,train,,,
push_up,stu8_45.mp4,11,no,no,test,5,,
push_up,stu8_46.mp4,19,yes,yes,test,,,
push_up,stu8_47.mp4,18,no,no,valid,2,,
push_up,stu8_48.mp4,5,no,no,train,,,
situp,stu8_49.mp4,9,no,no,test,10,,
bench_pressing,stu8_5.mp4,47,no,no,train,,,
situp,stu8_50.mp4,5,no,no,train,10,,
situp,stu8_51.mp4,25,no,no,train,10,,
situp,stu8_52.mp4,47,no,no,valid,10,,
situp,stu8_53.mp4,16,no,no,valid,10,,
situp,stu8_54.mp4,3,no,no,valid,10,,
situp,stu8_55.mp4,10,no,no,train,10,,
situp,stu8_56.mp4,4,no,no,train,10,,
situp,stu8_57.mp4,7,no,no,test,10,,
situp,stu8_58.mp4,3,no,no,test,10,,
squat,stu8_59.mp4,10,yes,yes,train,,,
bench_pressing,stu8_6.mp4,8,no,no,train,,,
squat,stu8_60.mp4,11,no,no,train,,,
squat,stu8_61.mp4,5,yes,yes,train,,,
squat,stu8_62.mp4,22,yes,yes,valid,,,
squat,stu8_63.mp4,26,yes,yes,train,,,
squat,stu8_64.mp4,3,no,no,train,,,
squat,stu8_65.mp4,24,yes,yes,train,,,
squat,stu8_66.mp4,5,no,no,train,,,
squat,stu8_67.mp4,3,yes,yes,train,,,
squat,stu8_68.mp4,3,no,no,train,,,
squat,stu8_69.mp4,19,yes,yes,train,,,
bench_pressing,stu8_7.mp4,5,no,no,valid,2,,
squat,stu8_70.mp4,4,yes,yes,test,,,
squat,stu8_71.mp4,4,no,no,test,1,,
bench_pressing,stu8_8.mp4,11,no,no,train,,,
bench_pressing,stu8_9.mp4,28,yes,yes,test,,,
battle_rope,stu9_0.mp4,44,no,no,train,,,
bench_pressing,stu9_1.mp4,6,no,no,train,,,
bench_pressing,stu9_10.mp4,16,no,no,train,,,
bench_pressing,stu9_11.mp4,15,no,no,train,,,
front_raise,stu9_12.mp4,7,no,no,train,10,,
front_raise,stu9_13.mp4,2,yes,no,valid,10,,
front_raise,stu9_14.mp4,11,no,no,train,10,,
front_raise,stu9_15.mp4,3,no,no,train,10,,
front_raise,stu9_16.mp4,6,no,no,train,10,,
front_raise,stu9_17.mp4,15,no,no,test,10,,
front_raise,stu9_18.mp4,23,yes,no,valid,10,,
front_raise,stu9_19.mp4,7,no,no,valid,10,,
bench_pressing,stu9_2.mp4,3,no,no,train,,,
front_raise,stu9_20.mp4,7,no,no,train,10,,
front_raise,stu9_21.mp4,16,no,no,train,10,,
front_raise,stu9_22.mp4,6,no,no,train,10,,
front_raise,stu9_23.mp4,5,no,no,train,10,,
front_raise,stu9_24.mp4,2,no,no,train,10,,
front_raise,stu9_25.mp4,1,no,no,train,10,,
front_raise,stu9_26.mp4,3,no,no,train,10,,
front_raise,stu9_27.mp4,17,no,no,train,10,,
jump_jack,stu9_28.mp4,4,yes,yes,train,,,
jump_jack,stu9_29.mp4,43,yes,yes,test,,,
bench_pressing,stu9_3.mp4,46,no,no,train,,,
jump_jack,stu9_30.mp4,11,yes,yes,train,,,
jump_jack,stu9_31.mp4,7,yes,yes,test,,,
jump_jack,stu9_32.mp4,7,yes,yes,valid,,,
jump_jack,stu9_33.mp4,16,no,no,train,,,
jump_jack,stu9_34.mp4,8,no,no,test,4,3,
pull_up,stu9_35.mp4,5,no,no,train,,,
pull_up,stu9_36.mp4,11,no,no,test,5,,
pull_up,stu9_37.mp4,15,no,no,train,,,
pull_up,stu9_38.mp4,5,no,no,train,,,
pull_up,stu9_39.mp4,8,no,no,train,,,
bench_pressing,stu9_4.mp4,8,no,no,train,,,
pull_up,stu9_40.mp4,27,yes,no,train,,,
pull_up,stu9_41.mp4,9,no,no,train,,,
pull_up,stu9_42.mp4,30,yes,no,train,,,
pull_up,stu9_43.mp4,18,no,no,train,,,
pull_up,stu9_44.mp4,21,no,no,train,,,
pull_up,stu9_45.mp4,12,no,no,test,2,,
push_up,stu9_46.mp4,6,no,no,train,,,
push_up,stu9_47.mp4,2,no,no,test,1,,
push_up,stu9_48.mp4,27,yes,yes,test,,,
push_up,stu9_49.mp4,5,no,no,train,,,
bench_pressing,stu9_5.mp4,13,no,no,train,,,
push_up,stu9_50.mp4,65,no,no,train,,,
push_up,stu9_51.mp4,62,no,no,train,,,
push_up,stu9_52.mp4,57,no,no,test,3,,
push_up,stu9_53.mp4,39,no,no,train,,,
push_up,stu9_54.mp4,26,no,no,train,,,
push_up,stu9_55.mp4,14,no,no,valid,3,8,
situp,stu9_56.mp4,8,no,no,train,10,,
situp,stu9_57.mp4,43,no,no,test,10,,
situp,stu9_58.mp4,16,no,no,train,10,,
situp,stu9_59.mp4,7,no,no,train,10,,
bench_pressing,stu9_6.mp4,5,no,no,train,,,
situp,stu9_60.mp4,4,no,no,train,10,,
situp,stu9_61.mp4,5,no,no,train,10,,
situp,stu9_62.mp4,2,no,no,train,10,,
squat,stu9_63.mp4,20,yes,yes,train,,,
squat,stu9_64.mp4,14,yes,yes,test,,,
squat,stu9_65.mp4,24,yes,yes,train,,,
squat,stu9_66.mp4,35,no,no,train,,,
squat,stu9_67.mp4,0,no,no,valid,8,,
squat,stu9_68.mp4,20,yes,yes,train,,,
squat,stu9_69.mp4,21,yes,yes,train,,,
bench_pressing,stu9_7.mp4,6,no,no,train,,,
squat,stu9_70.mp4,4,no,no,train,,,
squat,stu9_71.mp4,1,yes,yes,test,,,
bench_pressing,stu9_8.mp4,12,no,no,valid,2,,
bench_pressing,stu9_9.mp4,12,no,no,valid,2,,
bench_pressing,test118.mp4,6,no,no,train,,,
bench_pressing,test125.mp4,3,no,no,train,,,
bench_pressing,test127.mp4,5,yes,yes,train,,,
bench_pressing,test128.mp4,2,no,no,train,,,
bench_pressing,test135.mp4,4,yes,yes,test,,,
bench_pressing,test138.mp4,12,yes,yes,train,,,
bench_pressing,test142.mp4,2,no,no,train,,,
pull_up,test1448.mp4,7,no,no,train,,,
pull_up,test1454.mp4,6,yes,yes,test,,,
pull_up,test1463.mp4,7,no,no,train,,,
pull_up,test1465.mp4,6,no,no,train,,,
pull_up,test1483.mp4,5,no,no,train,,,
pull_up,test1496.mp4,6,no,no,train,,,
bench_pressing,test153.mp4,5,no,no,train,,,
bench_pressing,test159.mp4,3,no,no,valid,,,
push_up,test1595.mp4,3,no,no,valid,9,,
push_up,test1624.mp4,3,no,no,train,,,
bench_pressing,test168.mp4,3,yes,no,train,4,,
situp,test1977.mp4,3,no,no,train,10,,
situp,test1995.mp4,5,no,no,train,10,,
situp,test2003.mp4,6,no,no,train,10,,
situp,test2015.mp4,1,no,no,train,10,,
situp,test2021.mp4,3,no,no,test,10,,
situp,test2023.mp4,4,no,no,valid,10,,
situp,test2025.mp4,5,no,no,test,10,,
situp,test2029.mp4,2,no,no,valid,10,,
squat,test2295.mp4,1,no,no,train,,,
squat,test2298.mp4,2,no,no,train,,,
squat,test2299.mp4,2,no,no,train,,,
squat,test2309.mp4,2,no,no,train,,,
squat,test2315.mp4,3,no,no,test,3,,
squat,test2317.mp4,3,no,no,train,,,
squat,test2318.mp4,4,no,no,train,,,
squat,test2319.mp4,7,no,no,train,,,
squat,test2320.mp4,4,no,no,test,9,2,very distant person
squat,test2323.mp4,2,no,no,train,,,
squat,test2326.mp4,2,no,no,train,,,
squat,test2331.mp4,2,no,no,train,,,
squat,test2340.mp4,4,no,no,train,,,
squat,test2349.mp4,6,yes,no,valid,,,
front_raise,test528.mp4,2,no,no,train,10,,
front_raise,test531.mp4,4,no,no,train,10,,
front_raise,test534.mp4,3,no,no,test,10,,
front_raise,test536.mp4,6,no,no,test,10,,
front_raise,test538.mp4,5,yes,no,test,10,,
front_raise,test539.mp4,2,no,no,test,10,,
front_raise,test541.mp4,3,no,no,train,10,,
front_raise,test545.mp4,1,no,no,train,10,,
front_raise,test555.mp4,4,no,no,train,10,,
front_raise,test557.mp4,3,no,no,train,10,,
front_raise,test558.mp4,2,no,no,train,10,,
front_raise,test570.mp4,3,no,no,train,10,,
front_raise,test571.mp4,3,yes,no,valid,10,,
front_raise,test577.mp4,3,no,no,train,10,,
front_raise,test584.mp4,5,no,no,train,10,,
front_raise,test586.mp4,7,no,no,train,10,,
front_raise,test587.mp4,3,no,no,train,10,,
jump_jack,test944.mp4,10,no,no,train,,,
jump_jack,test989.mp4,9,no,no,train,,,
jump_jack,test990.mp4,5,no,no,train,,,
front_raise,train1000.mp4,3,no,no,train,10,,
front_raise,train1005.mp4,4,no,no,train,10,,
front_raise,train1010.mp4,6,no,no,valid,10,,
front_raise,train1022.mp4,3,no,no,train,10,,
front_raise,train1025.mp4,3,yes,no,valid,10,,
bench_pressing,train133.mp4,10,no,no,train,,,
bench_pressing,train139.mp4,1,no,no,train,,,
bench_pressing,train143.mp4,0,no,no,test,8,,
bench_pressing,train151.mp4,3,no,no,test,6,,
bench_pressing,train156.mp4,3,no,no,train,,,
bench_pressing,train160.mp4,7,no,no,train,,,
jump_jack,train1604.mp4,10,no,no,train,,,
jump_jack,train1605.mp4,5,no,no,train,,,
jump_jack,train1614.mp4,9,yes,no,train,6,,
jump_jack,train1615.mp4,10,no,no,test,2,,
jump_jack,train1617.mp4,17,no,no,train,,,
jump_jack,train1623.mp4,10,no,no,train,,,
jump_jack,train1630.mp4,11,no,no,valid,1,,
jump_jack,train1640.mp4,10,no,no,train,,,
jump_jack,train1646.mp4,9,no,no,train,,,
jump_jack,train1665.mp4,3,no,no,test,5,,
jump_jack,train1678.mp4,11,no,no,train,,,
bench_pressing,train168.mp4,4,no,no,train,,,
jump_jack,train1715.mp4,10,no,no,train,,,
bench_pressing,train172.mp4,4,yes,no,train,,,
bench_pressing,train180.mp4,3,no,no,train,,,
bench_pressing,train181.mp4,2,no,no,train,,,
bench_pressing,train184.mp4,2,no,no,train,,,
bench_pressing,train186.mp4,2,no,no,train,,,
pull_up,train2464.mp4,4,no,no,train,,,
pull_up,train2477.mp4,9,no,no,train,,,
pull_up,train2481.mp4,1,yes,yes,valid,,,
pull_up,train2484.mp4,7,no,no,train,,,
pull_up,train2501.mp4,2,no,no,train,,,
pull_up,train2502.mp4,6,no,no,train,,,
pull_up,train2508.mp4,4,no,no,test,,,
pull_up,train2523.mp4,4,yes,no,train,5,,
pull_up,train2527.mp4,4,yes,no,train,,,
pull_up,train2534.mp4,2,no,no,test,,,
pull_up,train2542.mp4,1,no,no,valid,1,,
pull_up,train2568.mp4,3,no,no,train,,,
pull_up,train2570.mp4,4,yes,no,train,,,
push_up,train2645.mp4,3,no,no,train,,,
push_up,train2649.mp4,4,no,no,train,,,
push_up,train2659.mp4,4,no,no,test,,,
push_up,train2666.mp4,5,no,no,train,,,
push_up,train2676.mp4,3,no,no,train,,,
push_up,train2685.mp4,2,no,no,train,,,
push_up,train2692.mp4,2,no,no,train,,,
push_up,train2711.mp4,5,no,no,valid,,,
push_up,train2712.mp4,6,yes,yes,train,,,
push_up,train2716.mp4,10,no,no,valid,1,,
push_up,train2719.mp4,3,no,no,train,,,
push_up,train2720.mp4,10,no,no,valid,7,,
push_up,train2734.mp4,2,no,no,train,,,
push_up,train2737.mp4,3,no,no,test,,,
push_up,train2739.mp4,13,no,no,train,,,
push_up,train2745.mp4,2,no,no,train,,,
push_up,train2748.mp4,5,no,no,valid,,,
situp,train3301.mp4,4,no,no,train,10,,
situp,train3303.mp4,2,no,no,train,10,,
situp,train3309.mp4,3,no,no,train,10,,
situp,train3312.mp4,4,no,no,train,10,,
situp,train3316.mp4,4,no,no,train,10,,
situp,train3319.mp4,1,no,no,train,10,,
situp,train3323.mp4,5,no,no,train,10,,
situp,train3324.mp4,3,no,no,train,10,,
situp,train3327.mp4,3,no,no,train,10,,
situp,train3335.mp4,1,no,no,test,10,,
situp,train3344.mp4,14,no,no,test,10,,
situp,train3348.mp4,1,no,no,valid,10,,
situp,train3365.mp4,13,no,no,train,10,,
situp,train3366.mp4,2,no,no,train,10,,
situp,train3367.mp4,5,no,no,train,10,,
situp,train3382.mp4,4,no,no,train,10,,
situp,train3386.mp4,5,no,no,train,10,,
squat,train3898.mp4,2,yes,yes,valid,,,
squat,train3899.mp4,2,no,no,test,6,,
squat,train3912.mp4,4,no,no,train,,,
squat,train3921.mp4,4,no,no,valid,2,,
squat,train3932.mp4,2,no,no,train,,,
squat,train3944.mp4,2,yes,yes,train,,,
squat,train3946.mp4,2,yes,yes,valid,,,
squat,train3948.mp4,2,yes,yes,train,,,
squat,train3951.mp4,4,no,no,train,,,
squat,train3959.mp4,2,yes,yes,train,,,
front_raise,train929.mp4,4,no,no,train,10,,
front_raise,train940.mp4,5,no,no,train,10,,
front_raise,train941.mp4,4,no,no,train,10,,
front_raise,train951.mp4,4,no,no,train,10,,
front_raise,train952.mp4,10,no,no,train,10,,
front_raise,train954.mp4,6,no,no,train,10,,
front_raise,train960.mp4,2,no,no,train,10,,
front_raise,train970.mp4,5,no,no,train,10,,
front_raise,train987.mp4,7,no,no,train,10,,
front_raise,train990.mp4,4,no,no,valid,10,,
situp,val1074.mp4,4,no,no,train,10,,
situp,val1075.mp4,3,no,no,train,10,,
situp,val1076.mp4,2,no,no,train,10,,
situp,val1089.mp4,4,no,no,train,10,,
situp,val1093.mp4,5,no,no,valid,10,,
situp,val1099.mp4,4,no,no,train,10,,
squat,val1235.mp4,2,no,no,train,,,
squat,val1244.mp4,1,no,no,test,,,
squat,val1250.mp4,4,yes,yes,train,,,
squat,val1256.mp4,2,yes,yes,train,,,
squat,val1257.mp4,2,no,no,test,2,,
squat,val1258.mp4,3,yes,yes,train,,,
front_raise,val359.mp4,1,no,no,train,10,,
jump_jack,val568.mp4,55,no,no,train,,,
jump_jack,val578.mp4,2,no,no,train,,,
jump_jack,val579.mp4,3,yes,yes,test,,,
jump_jack,val581.mp4,4,no,no,train,,,
bench_pressing,val77.mp4,3,yes,no,train,4,,
pull_up,val817.mp4,4,yes,no,train,,,
pull_up,val819.mp4,6,no,no,train,,,
pull_up,val820.mp4,4,no,no,train,,,
pull_up,val824.mp4,5,yes,no,train,,,
pull_up,val826.mp4,7,no,no,train,,,
pull_up,val828.mp4,4,no,no,train,,,
push_up,val886.mp4,5,no,no,train,,,
push_up,val890.mp4,5,no,no,train,,,
push_up,val892.mp4,2,no,no,train,,,
push_up,val901.mp4,7,no,no,valid,1,,
push_up,val912.mp4,1,no,no,train,,,
push_up,val914.mp4,2,no,no,train,,,